city,actual_revenue,potential_revenue,successful_bookings,capacity,adr,occupancy_rate,revpar,revenue_leakage_pct
Bangalore,176444121.0,313212102.0,32016,57408,6086.176630434783,55.769230769230774,3073.511026337793,43.66625048223711
Delhi,135645973.0,220032443.99999997,24231,40020,6446.6625,60.5472263868066,3389.4545977011494,38.3518309690729
Hyderabad,192774480.0,328754220.0,34888,60076,5796.358695652174,58.07310739729675,3208.843464944404,41.36212761010338
Mumbai,287918625.0,485210275.0,43455,75072,7096.569293478261,57.884430946291566,3835.2331761508954,40.6610618458152
